[
  {
    "model": "usuarios.usuario",
    "pk": 1,
    "fields": {
      "password": "pbkdf2_sha256$600000$test$K1v5ZQkKj7yD+1j7dL6y7Qn5F4y9K6U6Q6w9vY4nF4Q=",
      "last_login": null,
      "is_superuser": false,
      "username": "cliente",
      "first_name": "",
      "last_name": "",
      "is_staff": false,
      "is_active": true,
      "date_joined": "2025-04-21T20:59:00-04:00",
      "rol": "usuario",
      "nombre": "Cliente Prueba",
      "telefono": "123456789",
      "email": "cliente@correo.com",
      "sexo": "O",
      "fecha_nacimiento": "2000-01-01",
      "groups": [],
      "user_permissions": []
    }
  }
]
